model,seed,training_seconds,fixed_inference_seconds,peak_cpu_memory_gb,peak_gpu_memory_gb,validation_selected_threshold,test_accuracy,test_precision,test_recall,test_f1,test_auprc,test_roc_auc,test_true_negatives,test_false_positives,test_false_negatives,test_true_positives,best_epoch,test_inference_seconds,test_inference_seconds_per_100000_transactions,peak_gpu_memory_gb_during_test,configuration_json
Random Forest,42,67.9963412919999,0.7567388090001259,2.653942108154297,0.0,0.7446811976679287,0.998353614466136,0.5732708089097304,0.2721202003338898,0.3690566037735849,0.3890972231011656,0.979752905190977,1013397,364,1308,489,,,,,
Random Forest,52,67.44546100299976,0.6386066590002883,2.7091026306152344,0.0,0.7332478745764712,0.9983289974575552,0.5538793103448276,0.2860322760155815,0.3772477064220183,0.3838479842609409,0.978956793703197,1013347,414,1283,514,,,,,
Random Forest,62,67.37016112099991,0.6341495090000535,2.7149200439453125,0.0,0.71247242949194,0.998256131112157,0.5122180451127819,0.3032832498608792,0.3809856693463824,0.3900370139095196,0.9797823571644731,1013242,519,1252,545,,,,,
Random Forest,72,67.09175821300005,0.6340525499999785,2.77408218383789,0.0,0.7102815041162533,0.998273855358335,0.5206766917293233,0.3082915971062883,0.3872771758126529,0.3877345398388314,0.9795331153066646,1013251,510,1243,554,,,,,
Random Forest,82,67.0000422029998,0.6450056369999402,2.7592430114746094,0.0,0.7486713955762891,0.998331951498585,0.5594002306805075,0.2698942682248191,0.3641141141141141,0.3858779915284745,0.9794431606298448,1013379,382,1312,485,,,,,
XGBoost,42,1.2866427750000184,0.0438720110000758,3.1007614135742188,0.28515625,0.9908966422080994,0.9986234168801782,0.8093023255813954,0.2904841402337229,0.4275184275184275,0.4492168599702555,0.9799228544985225,1013638,123,1275,522,,,,,
XGBoost,52,1.4165281479999976,0.0450511209996875,3.1123008728027344,0.28515625,0.9918590188026428,0.9986096313553732,0.8324697754749568,0.2682248191430161,0.4057239057239057,0.4346605817332474,0.9779572268176774,1013664,97,1315,482,,,,,
XGBoost,62,1.446576671999992,0.0455087350001122,3.1248321533203125,0.27734375,0.9908726811408995,0.9985771369040468,0.7802547770700637,0.2726766833611574,0.4041237113402062,0.4316384047222721,0.979257363735938,1013623,138,1307,490,,,,,
XGBoost,72,1.4421132520001263,0.0456631789998027,3.11685562133789,0.28515625,0.9891290664672852,0.9985850143467926,0.7506963788300836,0.2999443516972732,0.4286282306163022,0.4435973690988445,0.9806050796426106,1013582,179,1258,539,,,,,
XGBoost,82,1.4376943150000443,0.0446103429999311,3.118759155273437,0.28515625,0.988895297050476,0.9985672901006146,0.7261904761904762,0.3055091819699499,0.4300822561692127,0.4416587320523093,0.978556785143634,1013554,207,1248,549,,,,,
Linear SVM,42,1.2832067230001485,0.0233980349999001,3.0816688537597656,0.0,1.2497157157043888,0.998001098903263,0.4058205335489086,0.2793544796883695,0.3309162821357943,0.2772465285901454,0.9571303197643252,1013026,735,1295,502,,,,,
Linear SVM,52,1.4254038760000185,0.0221937900000739,3.0930709838867188,0.0,1.2427907810542962,0.9979686044519368,0.3946117274167987,0.2771285475792988,0.3255966001961425,0.273845402646755,0.95679644564734,1012997,764,1299,498,,,,,
Linear SVM,62,1.5725329120000424,0.0228095510001367,3.09206771850586,0.0,1.2437112294868993,0.9979617116895342,0.3936087295401403,0.2810239287701725,0.3279220779220779,0.2753645342053445,0.9566570033552372,1012983,778,1292,505,,,,,
Linear SVM,72,1.9339381019999564,0.0220001229999979,3.0849609375,0.0,1.255256274063228,0.9980335933545892,0.4162479061976549,0.2765720645520311,0.3323303243062521,0.2787517068629808,0.957050219464726,1013064,697,1300,497,,,,,
Linear SVM,82,1.7003985839996858,0.0229337390001092,3.088932037353516,0.0,1.2686698696378789,0.9980267005921868,0.4139650872817955,0.2771285475792988,0.332,0.277753844653288,0.9570011429974228,1013056,705,1299,498,,,,,
GCN,42,,,,,0.5178861618041992,0.7663284617914486,0.00582493306362942,0.7723984418475236,0.011562667910680889,0.007020034655376023,0.8284182521802177,776863,236898,409,1388,30.0,0.2127745689999756,0.020951493563142194,2.0824742317199707,"{""dropout"": 0.3, ""graph_direction"": ""directed"", ""hidden_dim"": 64, ""num_layers"": 2}"
GCN,52,,,,,0.7245532870292664,0.9711183408530089,0.009652372132782448,0.15080690038953812,0.018143474040103105,0.0070468532586275695,0.8091664008902375,985956,27805,1526,271,38.0,0.2104437660000258,0.020721983973345272,2.082528591156006,"{""dropout"": 0.3, ""graph_direction"": ""directed"", ""hidden_dim"": 64, ""num_layers"": 2}"
GCN,62,,,,,0.5436201095581055,0.8563853566216799,0.007514529914529914,0.6115748469671675,0.014846636541098435,0.006942151655740474,0.8317894553769013,868610,145151,698,1099,21.0,0.21144267599993327,0.020820344677500772,2.082638740539551,"{""dropout"": 0.3, ""graph_direction"": ""directed"", ""hidden_dim"": 64, ""num_layers"": 2}"
GCN,72,,,,,0.5182303786277771,0.7992965443628035,0.007003450480480627,0.798553144129104,0.013885125982118668,0.006522894780785916,0.8541301823953387,810297,203464,362,1435,25.0,0.21362148099979095,0.02103488732300774,2.082550048828125,"{""dropout"": 0.3, ""graph_direction"": ""directed"", ""hidden_dim"": 64, ""num_layers"": 2}"
GCN,82,,,,,0.7630952000617981,0.984942268191477,0.013272740388083388,0.10239287701725097,0.023499361430395913,0.008464093018229727,0.8360286515183316,1000082,13679,1613,184,40.0,0.21478157100000317,0.021149119104965267,2.0825071334838867,"{""dropout"": 0.3, ""graph_direction"": ""directed"", ""hidden_dim"": 64, ""num_layers"": 2}"
GraphSAGE,42,,,,,0.5943670868873596,0.9973728728442885,0.13858921161825727,0.09293266555370061,0.11125916055962691,0.05919710818495528,0.8962017239476524,1012723,1038,1630,167,8.0,0.22098824200020317,0.021760277798038435,1.863945484161377,"{""dropout"": 0.3, ""graph_direction"": ""directed"", ""hidden_dim"": 64, ""num_layers"": 2}"
GraphSAGE,52,,,,,0.5727665424346924,0.97940541062155,0.03188050930460333,0.3622704507512521,0.058603771886393305,0.023037864053415,0.8908550740988375,993992,19769,1146,651,12.0,0.2190762730001552,0.021572009968919077,1.863945484161377,"{""dropout"": 0.3, ""graph_direction"": ""directed"", ""hidden_dim"": 64, ""num_layers"": 2}"
GraphSAGE,62,,,,,0.647096574306488,0.9783655881791095,0.027363883422359667,0.3249860879243183,0.05047754872725701,0.01675098809571782,0.8738574107746704,993003,20758,1213,584,27.0,0.2212811489998785,0.021789119774535626,1.863945484161377,"{""dropout"": 0.3, ""graph_direction"": ""directed"", ""hidden_dim"": 64, ""num_layers"": 2}"
GraphSAGE,72,,,,,0.566578209400177,0.9934420289141536,0.04930491195551436,0.14802448525319978,0.07397107897664071,0.02730946213892226,0.9020589399929779,1008632,5129,1531,266,13.0,0.21877996499961228,0.02154283310255173,1.863945484161377,"{""dropout"": 0.3, ""graph_direction"": ""directed"", ""hidden_dim"": 64, ""num_layers"": 2}"
GraphSAGE,82,,,,,0.5441402196884155,0.9613060012328198,0.026132888518209618,0.575403450194769,0.0499951648776714,0.05847032392112393,0.847779334345239,975228,38533,763,1034,6.0,0.21808922199988956,0.021474816997147338,1.863945484161377,"{""dropout"": 0.3, ""graph_direction"": ""directed"", ""hidden_dim"": 64, ""num_layers"": 2}"
GAT,42,,,,,0.575942873954773,0.9781460044625713,0.03177080942105505,0.3850862548692265,0.05869878700483502,0.029560702749297382,0.8170943102165864,992672,21089,1105,692,16.0,0.2205718270001853,0.021719274231524473,2.039580821990967,"{""dropout"": 0.2, ""graph_direction"": ""directed"", ""hidden_dim"": 32, ""num_layers"": 2}"
GAT,52,,,,,0.634560227394104,0.9700273150327209,0.02601443039650493,0.4373956594323873,0.04910811908406485,0.024675441778810973,0.8869993126972607,984333,29428,1011,786,25.0,0.2207890640002006,0.021740665131897992,2.03963565826416,"{""dropout"": 0.2, ""graph_direction"": ""directed"", ""hidden_dim"": 32, ""num_layers"": 2}"
GAT,62,,,,,0.5686032176017761,0.980255189757749,0.03936411809235428,0.4340567612687813,0.07218212104386452,0.03855197226435281,0.8774316222662504,994726,19035,1017,780,20.0,0.22106435300020166,0.02176777229859857,2.0397462844848633,"{""dropout"": 0.2, ""graph_direction"": ""directed"", ""hidden_dim"": 32, ""num_layers"": 2}"
GAT,72,,,,,0.5704254508018494,0.9814348368089267,0.03178698874553939,0.32220367278797996,0.0578652808315011,0.06665118989057357,0.8889371670301409,996125,17636,1218,579,13.0,0.22132327500003157,0.021793267838964545,2.0396571159362793,"{""dropout"": 0.2, ""graph_direction"": ""directed"", ""hidden_dim"": 32, ""num_layers"": 2}"
GAT,82,,,,,0.6710099577903748,0.9828606539459095,0.03925851585099475,0.37006121313299944,0.0709863364645602,0.03399195356309218,0.9100044510089864,997487,16274,1132,665,32.0,0.22227393599996503,0.0218868775589346,2.039613723754883,"{""dropout"": 0.2, ""graph_direction"": ""directed"", ""hidden_dim"": 32, ""num_layers"": 2}"
